peptide,ss,db_value,rule,thermo_mean
ER,H,1.201570,over,1.201570
RW,H,1.262767,over,1.262767
WR,H,1.211674,over,1.211674
VI,H,-1.277087,under,0.783032
YF,H,-1.171347,under,0.853718
SY,H,1.224998,over,1.224998
YN,H,1.746602,over,1.746602
ND,H,1.436552,over,1.436552
FV,H,-1.350589,under,0.740418
PM,H,1.371988,over,1.371988
VN,H,1.692541,over,1.692541
MR,H,1.302321,over,1.302321
IV,H,1.150348,over,1.150348
FI,H,1.222275,over,1.222275
KA,H,1.192101,over,1.192101
II,H,-1.380525,under,0.724362
ID,H,-1.327215,under,0.753457
YY,H,1.288599,over,1.288599
YL,H,1.213710,over,1.213710
LF,H,-1.411747,under,0.708342
FK,H,-1.415397,under,0.706515
VK,H,1.432966,over,1.432966
TY,H,1.175293,over,1.175293
LK,H,1.273320,over,1.273320
NW,H,-1.335154,under,0.748977
WL,H,-1.187508,under,0.842099
SM,H,1.458369,over,1.458369
SH,H,1.294094,over,1.294094
HL,H,1.387402,over,1.387402
TL,H,1.476123,over,1.476123
NK,H,-1.511343,under,0.661663
FD,H,1.180526,over,1.180526
PN,H,1.094984,over,1.094984
QS,H,-1.338722,under,0.746981
AM,H,1.593665,over,1.593665
SS,H,1.301303,over,1.301303
PH,H,1.340903,over,1.340903
EG,H,-1.424380,under,0.702060
GK,H,-1.471551,under,0.679555
LQ,H,1.187558,over,1.187558
QN,H,2.390751,over,2.390751
VQ,H,1.265921,over,1.265921
PK,H,1.161827,over,1.161827
VW,H,-2.192108,under,0.456182
WF,H,-0.977219,under,1.023312
LC,H,-1.139788,under,0.877356
GQ,H,1.267747,over,1.267747
QK,H,-1.432474,under,0.698093
NI,H,-1.274187,under,0.784814
YI,H,-1.457906,under,0.685915
PL,H,-1.245922,under,0.802618
MQ,H,1.266689,over,1.266689
HF,H,1.979401,over,1.979401
SF,H,1.200428,over,1.200428
VG,H,1.301767,over,1.301767
YK,H,-1.474983,under,0.677974
TT,H,1.226177,over,1.226177
RF,H,-1.234179,under,0.810255
MN,H,-1.331747,under,0.750893
DY,H,-1.152540,under,0.867649
NF,H,2.243709,over,2.243709
TF,H,1.467445,over,1.467445
QY,H,1.221502,over,1.221502
NA,H,1.261043,over,1.261043
FF,H,1.275702,over,1.275702
AT,H,1.336226,over,1.336226
RY,H,1.141808,over,1.141808
VT,H,-1.126880,under,0.887406
HD,H,1.031121,over,1.031121
TG,H,1.243583,over,1.243583
GM,H,-0.892024,under,1.121046
ES,H,-1.500222,under,0.666568
QD,H,1.173582,over,1.173582
NC,H,0.558076,over,0.558076
PD,H,1.319320,over,1.319320
FT,H,-1.356984,under,0.736928
RT,H,1.128797,over,1.128797
QT,H,-1.418378,under,0.705031
GN,H,-2.129142,under,0.469673
NV,H,-1.281130,under,0.780561
IP,H,-2.022386,under,0.494465
VH,H,-1.546686,under,0.646543
SW,H,1.263645,over,1.263645
TE,H,-1.949419,under,0.512973
VS,H,1.266998,over,1.266998
HE,H,-1.521516,under,0.657239
EW,H,-1.373032,under,0.728315
NR,H,-1.329455,under,0.752188
MI,H,1.367488,over,1.367488
VM,H,-1.171182,under,0.853838
SG,H,-1.931929,under,0.517617
PQ,H,1.334188,over,1.334188
EH,H,1.217154,over,1.217154
DV,H,1.598412,over,1.598412
RQ,H,-1.187108,under,0.842383
GR,H,-1.487393,under,0.672317
AC,H,1.611086,over,1.611086
CW,H,0.693798,over,0.693798
WW,H,1.503328,over,1.503328
QG,H,0.936245,over,0.936245
QV,H,-1.129579,under,0.885285
HN,H,-2.747111,under,0.364019
TD,H,-1.836560,under,0.544496
KF,H,-1.342687,under,0.744775
TW,H,-1.121131,under,0.891957
WE,H,-1.324364,under,0.755079
EP,H,-3.696950,under,0.270493
PF,H,-0.956295,under,1.045703
PE,H,1.745992,over,1.745992
CC,H,4.551633,over,4.551633
CR,H,1.517703,over,1.517703
DM,H,-1.263585,under,0.791399
PA,H,1.023629,over,1.023629
FW,H,-1.367553,under,0.731233
DW,H,1.590874,over,1.590874
PW,H,-2.299292,under,0.434916
VC,H,2.123645,over,2.123645
HV,H,1.236691,over,1.236691
GF,H,-0.992362,under,1.007697
FH,H,-1.276688,under,0.783276
YH,H,-1.001943,under,0.998061
HQ,H,1.955559,over,1.955559
GT,H,1.504190,over,1.504190
GS,H,1.686852,over,1.686852
WG,H,-1.723883,under,0.580086
FY,H,-1.101400,under,0.907935
MT,H,-2.304390,under,0.433954
HY,H,-0.999623,under,1.000377
YM,H,0.967446,over,0.967446
FP,H,-2.060486,under,0.485322
HH,H,2.167202,over,2.167202
MK,H,1.161309,over,1.161309
WQ,H,-1.594139,under,0.627298
LP,H,-2.396705,under,0.417240
SC,H,0.947108,over,0.947108
CF,H,-0.999336,under,1.000664
MY,H,0.993015,over,0.993015
WI,H,1.692264,over,1.692264
TH,H,-1.451465,under,0.688959
HM,H,-1.526581,under,0.655058
WP,H,-1.148775,under,0.870492
CV,H,1.737694,over,1.737694
HW,H,1.610133,over,1.610133
DN,H,-1.437491,under,0.695657
YS,H,1.198837,over,1.198837
CA,H,1.339295,over,1.339295
KC,H,-2.992957,under,0.334118
YW,H,-1.141840,under,0.875780
FG,H,1.500744,over,1.500744
QW,H,-1.812475,under,0.551732
PG,H,1.489720,over,1.489720
GW,H,2.117822,over,2.117822
MM,H,-0.952912,under,1.049415
QH,H,-1.431446,under,0.698594
NP,H,-5.554074,under,0.180048
MW,H,2.026197,over,2.026197
CN,H,1.151020,over,1.151020
HG,H,-2.784056,under,0.359188
MH,H,-2.725375,under,0.366922
NH,H,1.561603,over,1.561603
CK,H,-1.406469,under,0.711001
PC,H,1.670613,over,1.670613
CQ,H,0.866726,over,0.866726
EC,H,0.815121,over,0.815121
FC,H,-3.128540,under,0.319638
CH,H,0.864409,over,0.864409
QC,H,1.853097,over,1.853097
IC,H,-1.164745,under,0.858557
CY,H,-6.258070,under,0.159794
MP,H,-8.241444,under,0.121338
TC,H,-3.060334,under,0.326762
CS,H,1.579249,over,1.579249
GC,H,0.864214,over,0.864214
WH,H,1.252936,over,1.252936
MC,H,0.872304,over,0.872304
HC,H,-1000,under,0.000000
ER,E,-1.581928,under,0.632140
WR,E,1.780981,over,1.780981
RV,E,1.405381,over,1.405381
DS,E,-2.677920,under,0.373424
YN,E,-1.426963,under,0.700789
ND,E,0.786723,over,0.786723
DF,E,-1.465271,under,0.682468
FV,E,-1.488835,under,0.671666
PI,E,-1.432820,under,0.697924
SQ,E,-1.616527,under,0.618610
DK,E,-5.212146,under,0.191860
KL,E,1.412425,over,1.412425
EI,E,1.666968,over,1.666968
VN,E,1.614205,over,1.614205
LM,E,1.332678,over,1.332678
RD,E,-2.279416,under,0.438709
DI,E,-1.457858,under,0.685938
YA,E,1.238069,over,1.238069
NE,E,-3.383620,under,0.295541
SL,E,-1.242649,under,0.804732
FI,E,1.223189,over,1.223189
IG,E,1.349567,over,1.349567
AQ,E,1.001695,over,1.001695
QI,E,1.069467,over,1.069467
KK,E,1.073260,over,1.073260
YY,E,-1.315865,under,0.759957
YL,E,1.262275,over,1.262275
GD,E,-3.249715,under,0.307719
DL,E,-1.995961,under,0.501012
LF,E,-1.672702,under,0.597835
AF,E,1.281992,over,1.281992
FK,E,-1.608744,under,0.621603
KD,E,-2.192233,under,0.456156
YQ,E,3.341170,over,3.341170
QL,E,1.098977,over,1.098977
SM,E,1.086404,over,1.086404
ML,E,-1.260775,under,0.793163
SH,E,-2.512470,under,0.398015
HL,E,-1.203364,under,0.831004
KT,E,-2.361823,under,0.423402
AN,E,-1.882515,under,0.531204
NK,E,-3.244142,under,0.308248
KI,E,1.399875,over,1.399875
FD,E,1.909126,over,1.909126
PR,E,-2.033585,under,0.491742
RN,E,-2.709283,under,0.369101
NT,E,-2.833666,under,0.352900
QS,E,-2.189689,under,0.456686
MA,E,1.771287,over,1.771287
YT,E,-1.173569,under,0.852102
TN,E,-2.245142,under,0.445406
SS,E,-1.259411,under,0.794022
PH,E,1.272146,over,1.272146
HA,E,1.397846,over,1.397846
PS,E,-4.933315,under,0.202703
SR,E,-1.356995,under,0.736922
IM,E,1.609968,over,1.609968
GK,E,1.137908,over,1.137908
LQ,E,-1.253167,under,0.797978
QN,E,5.968739,over,5.968739
AD,E,-1.420119,under,0.704166
AR,E,1.358281,over,1.358281
EM,E,-2.040812,under,0.490001
DC,E,0.568700,over,0.568700
CL,E,1.629672,over,1.629672
KN,E,-2.270900,under,0.440354
MS,E,0.905364,over,0.905364
VQ,E,1.404473,over,1.404473
PK,E,-3.907388,under,0.255925
VD,E,1.707293,over,1.707293
EF,E,2.373806,over,2.373806
LN,E,1.779835,over,1.779835
LC,E,2.713673,over,2.713673
QA,E,1.245319,over,1.245319
GQ,E,-1.340804,under,0.745821
QK,E,-1.552377,under,0.644174
IY,E,-1.314173,under,0.760935
NL,E,-1.244885,under,0.803287
KP,E,1.491912,over,1.491912
MQ,E,0.662806,over,0.662806
FL,E,-1.314603,under,0.760686
RH,E,0.861566,over,0.861566
HI,E,-1.238083,under,0.807701
FM,E,-1.464369,under,0.682888
RR,E,1.324105,over,1.324105
SN,E,-2.814821,under,0.355262
IW,E,-1.565743,under,0.638674
WY,E,1.574210,over,1.574210
TV,E,1.262177,over,1.262177
RF,E,1.459676,over,1.459676
NY,E,-2.584005,under,0.386996
TK,E,-2.109479,under,0.474051
GG,E,-1.493822,under,0.669424
GL,E,-1.280199,under,0.781128
QR,E,-3.710274,under,0.269522
RM,E,1.266811,over,1.266811
NM,E,-10.774113,under,0.092815
NF,E,1.457535,over,1.457535
TF,E,-1.171636,under,0.853507
FF,E,-1.976099,under,0.506048
AT,E,1.215296,over,1.215296
HD,E,-5.237817,under,0.190919
TG,E,1.088381,over,1.088381
GM,E,1.284223,over,1.284223
ES,E,-3.131620,under,0.319324
RG,E,-1.576210,under,0.634433
PD,E,-7.528037,under,0.132837
QP,E,1.132147,over,1.132147
NV,E,1.313027,over,1.313027
FQ,E,-1.432515,under,0.698073
SW,E,-2.980499,under,0.335514
WK,E,1.514754,over,1.514754
IT,E,1.235782,over,1.235782
IF,E,-1.367692,under,0.731159
HE,E,-3.251840,under,0.307518
EY,E,-1.374888,under,0.727332
MD,E,0.993772,over,0.993772
FS,E,1.604961,over,1.604961
SE,E,-2.460558,under,0.406412
DA,E,1.067124,over,1.067124
TM,E,-1.305460,under,0.766014
PQ,E,-1.316734,under,0.759455
EH,E,1.165989,over,1.165989
RQ,E,-2.353990,under,0.424811
QF,E,1.242350,over,1.242350
FN,E,0.895073,over,0.895073
DG,E,-1.547127,under,0.646359
GR,E,-1.458536,under,0.685619
AC,E,-1.026171,under,0.974496
WW,E,-1.175544,under,0.850670
QG,E,-2.905512,under,0.344173
QM,E,2.109785,over,2.109785
VF,E,-1.311620,under,0.762416
HN,E,-1.681496,under,0.594709
TD,E,-1.489186,under,0.671508
KW,E,-1.853243,under,0.539595
WE,E,1.395776,over,1.395776
PF,E,-4.347596,under,0.230012
PE,E,-4.438498,under,0.225301
CC,E,2.307181,over,2.307181
NQ,E,-3.227915,under,0.309797
AH,E,0.940533,over,0.940533
DM,E,0.882459,over,0.882459
FW,E,-1.471454,under,0.679600
WV,E,1.074345,over,1.074345
DW,E,0.702270,over,0.702270
WD,E,-2.072197,under,0.482580
KM,E,1.255214,over,1.255214
MF,E,1.024117,over,1.024117
KG,E,-1.999036,under,0.500241
DH,E,-2.572468,under,0.388732
LW,E,-1.457521,under,0.686097
TQ,E,-1.642762,under,0.608731
VC,E,1.331233,over,1.331233
CD,E,1.327104,over,1.327104
FH,E,-1.322650,under,0.756058
YH,E,1.304973,over,1.304973
HQ,E,-7.195880,under,0.138968
HK,E,1.168374,over,1.168374
WG,E,0.877702,over,0.877702
PT,E,-2.378796,under,0.420381
PY,E,-1.975954,under,0.506085
WM,E,-0.728030,under,1.373571
FY,E,1.448621,over,1.448621
MT,E,-1.114553,under,0.897221
HY,E,-1.597502,under,0.625977
MV,E,-1.479587,under,0.675864
MG,E,1.722702,over,1.722702
HH,E,-1.404151,under,0.712174
MK,E,1.255214,over,1.255214
SC,E,-2.312154,under,0.432497
CF,E,-3.294866,under,0.303502
TS,E,-2.293978,under,0.435924
HS,E,-1.933008,under,0.517328
TH,E,-1.593217,under,0.627661
HM,E,1.055539,over,1.055539
HP,E,1.557432,over,1.557432
CV,E,1.169356,over,1.169356
CP,E,1.129808,over,1.129808
YS,E,1.506083,over,1.506083
KC,E,-1.764359,under,0.566778
YW,E,-1.201874,under,0.832034
FG,E,1.662864,over,1.662864
QW,E,0.794831,over,0.794831
WN,E,-1.034725,under,0.966440
PG,E,-2.056957,under,0.486155
GW,E,1.605048,over,1.605048
MM,E,1.418820,over,1.418820
QH,E,-1.661461,under,0.601880
NP,E,-1.610606,under,0.620884
MW,E,2.333018,over,2.333018
CN,E,-1000,under,0.000000
HG,E,1.138661,over,1.138661
MH,E,-1.263178,under,0.791654
NH,E,-1.749596,under,0.571560
CK,E,-3.028979,under,0.330144
PC,E,2.695107,over,2.695107
CT,E,-3.264102,under,0.306363
CG,E,-1.461786,under,0.684095
CQ,E,-1000,under,0.000000
EC,E,-6.931483,under,0.144269
FC,E,-3.064638,under,0.326303
CH,E,-0.359762,under,2.779614
QC,E,1.745220,over,1.745220
IC,E,0.771337,over,0.771337
CM,E,-1000,under,0.000000
CY,E,1.005425,over,1.005425
MP,E,-1.358621,under,0.736040
TC,E,-1.662046,under,0.601668
CS,E,-2.864484,under,0.349103
GC,E,-1.867820,under,0.535383
WH,E,1.013628,over,1.013628
HC,E,0.504404,over,0.504404
